<?xml version="1.0" encoding="utf-8"?>
<skin>
	<information>
		<name>Square</name>
		<version>1.3</version>
		<description><![CDATA[Square 스킨은 무료로 배포중인 스킨입니다. 스킨 수정시 방명록에 글 남겨주세요.]]></description>
		<license><![CDATA[자유 수정 가능 / 재배포 금지 / 저작권 표시 제거 금지]]></license>
	</information>
	<contest>
		<description>2015 반응형 스킨 공모전 대상</description>
		<preview>//t1.daumcdn.net/tistory_admin/static/admin/new/awards_01.png</preview>
		<document>http://wallel.com/179</document>
	</contest>
	<author>
		<name>wallel</name>
		<homepage>http://wallel.com</homepage>
		<email>wallel@tistory.com</email>
	</author>
	<default>
		<recentEntries>4</recentEntries>
		<recentComments>5</recentComments>
		<recentTrackbacks>5</recentTrackbacks>
		<itemsOnGuestbook>5</itemsOnGuestbook>
		<tagsInCloud>20</tagsInCloud>
		<sortInCloud>3</sortInCloud>
		<expandComment>1</expandComment>
		<lengthOfRecentNotice>40</lengthOfRecentNotice>
		<lengthOfRecentEntry>30</lengthOfRecentEntry>
		<lengthOfRecentComment>40</lengthOfRecentComment>
		<lengthOfRecentTrackback>40</lengthOfRecentTrackback>
		<lengthOfLink>40</lengthOfLink>
		<commentMessage>
			<none>0</none>
			<single>1</single>
		</commentMessage>
		<trackbackMessage>
			<none>0</none>
			<single>1</single>
		</trackbackMessage>
		<contentWidth>900</contentWidth>
		<toolbar>white</toolbar>
	</default>
</skin>
